timestamp;sensor1;sensor2;sensor3;sensor4;sensor5;status
2025-05-31 01:19:27;92;845.91;False;28.52;86.0;Success
2025-05-31 01:19:29;42;585.86;True;28.52;86.0;Success
2025-05-31 01:19:31;34;923.07;False;28.52;86.0;Success
2025-05-31 01:19:33;79;71.56;False;28.52;86.0;Success
2025-05-31 01:19:35;82;814.95;False;28.52;86.0;Success
2025-05-31 01:19:37;24;123.27;False;28.52;86.0;Success
2025-05-31 01:19:39;63;565.61;True;28.52;86.0;Success
2025-05-31 01:19:41;83;913.65;True;28.52;86.0;Success
2025-05-31 01:19:43;67;702.62;False;28.52;86.0;Success
2025-05-31 01:19:45;42;100.81;True;28.52;86.0;Success
2025-05-31 01:19:47;92;78.46;False;28.52;86.0;Success
2025-05-31 01:19:49;63;443.53;False;28.52;86.0;Success
2025-05-31 01:19:51;90;927.93;False;28.52;86.0;Success
2025-05-31 01:19:53;4;725.37;True;28.52;86.0;Success
2025-05-31 01:19:55;38;31.1;False;28.52;86.0;Success
2025-05-31 01:19:57;72;484.17;True;28.52;86.0;Success
2025-05-31 01:19:59;88;220.47;False;28.52;86.0;Success
2025-05-31 01:20:01;88;351.69;True;28.52;86.0;Success
2025-05-31 01:20:03;34;994.32;False;28.52;86.0;Success
2025-05-31 01:20:05;15;151.48;False;28.52;86.0;Success
2025-05-31 01:20:07;7;231.17;False;28.52;86.0;Success
2025-05-31 01:20:09;53;765.46;True;28.52;86.0;Success
2025-05-31 01:20:11;43;766.11;False;28.52;86.0;Success
2025-05-31 01:20:13;41;550.46;True;28.52;86.0;Success
2025-05-31 01:20:15;66;915.26;True;28.52;86.0;Success
2025-05-31 01:20:17;41;610.32;True;28.52;86.0;Success
2025-05-31 01:20:19;71;617.51;True;28.52;86.0;Success
2025-05-31 01:20:21;2;653.57;True;28.52;86.0;Success
2025-05-31 01:20:23;75;132.48;True;28.52;86.0;Success
2025-05-31 01:20:25;65;323.46;True;28.52;86.0;Success
2025-05-31 01:20:27;80;175.77;True;28.52;86.0;Success
2025-05-31 01:20:29;42;894.87;False;28.52;86.0;Success
2025-05-31 01:20:31;39;481.63;True;28.52;86.0;Success
2025-05-31 01:20:33;58;800.9;False;28.52;86.0;Success
2025-05-31 01:20:35;42;160.63;True;28.52;86.0;Success
2025-05-31 01:23:40;60;247.49;True;28.52;86.0;Success
2025-05-31 01:23:43;37;160.48;True;28.52;86.0;Success
2025-05-31 01:23:46;94;505.91;True;28.52;86.0;Success
2025-05-31 01:23:49;61;89.03;True;28.52;86.0;Success
2025-05-31 01:23:52;64;485.15;False;28.52;86.0;Success
2025-05-31 01:23:55;30;708.96;True;28.52;86.0;Success
2025-05-31 01:23:58;8;47.38;False;28.52;86.0;Success
2025-05-31 01:24:01;23;972.42;False;28.52;86.0;Success
2025-05-31 01:24:04;91;814.16;False;28.52;86.0;Success
2025-05-31 01:24:07;85;595.33;False;28.52;86.0;Success
2025-05-31 01:24:10;39;349.04;False;28.52;86.0;Success
2025-05-31 01:24:13;10;92.08;False;28.52;86.0;Success
2025-05-31 01:24:16;98;936.99;False;28.52;86.0;Success
2025-05-31 01:24:19;57;461.83;True;28.52;86.0;Success
2025-05-31 01:24:22;47;693.66;False;28.52;86.0;Success
2025-05-31 01:24:25;80;49.6;True;28.52;86.0;Success
2025-05-31 01:24:28;6;580.25;True;28.52;86.0;Success
2025-05-31 01:24:31;79;118.26;False;28.52;86.0;Success
2025-05-31 01:24:34;31;51.78;True;28.52;86.0;Success
2025-05-31 01:24:37;54;137.42;False;28.52;86.0;Success
2025-05-31 01:24:40;57;624.13;False;28.52;86.0;Success
2025-05-31 01:24:43;68;697.71;False;28.52;86.0;Success
2025-05-31 01:24:46;5;753.65;True;28.52;86.0;Success
2025-05-31 01:24:49;42;634.58;False;28.52;86.0;Success
2025-05-31 01:24:52;44;281.51;True;28.52;86.0;Success
2025-05-31 01:24:55;66;944.29;True;28.52;86.0;Success
2025-05-31 01:26:30;40;424.85;False;28.52;86.0;Success
2025-05-31 01:26:33;84;919.18;True;28.52;86.0;Success
2025-05-31 01:26:36;59;243.67;False;28.52;86.0;Success
2025-05-31 01:26:39;62;458.63;True;28.52;86.0;Success
2025-05-31 01:26:42;51;440.62;True;28.52;86.0;Success
2025-05-31 01:26:45;97;446.55;False;28.52;86.0;Success
2025-05-31 01:26:48;96;430.73;False;28.52;86.0;Success
2025-05-31 01:26:51;60;70.42;True;28.52;86.0;Success
2025-05-31 01:26:54;28;136.6;True;28.52;86.0;Success
2025-05-31 01:26:57;60;833.94;False;28.52;86.0;Success
2025-05-31 01:27:00;41;988.12;True;28.52;86.0;Success
2025-05-31 01:27:03;11;366.97;True;28.52;86.0;Success
2025-05-31 01:27:06;7;763.65;False;28.52;86.0;Success
2025-05-31 01:27:09;87;820.95;False;28.52;86.0;Success
2025-05-31 01:27:12;80;124.7;True;28.52;86.0;Success
2025-05-31 01:27:15;42;285.78;False;28.52;86.0;Success
2025-05-31 01:27:18;29;906.76;False;28.52;86.0;Success
2025-05-31 01:27:21;49;86.49;True;28.52;86.0;Success
2025-05-31 01:27:24;67;710.8;False;28.52;86.0;Success
2025-05-31 01:27:27;69;938.9;True;28.52;86.0;Success
2025-05-31 01:27:30;85;193.84;False;28.52;86.0;Success
2025-05-31 01:27:33;89;530.32;False;28.52;86.0;Success
2025-05-31 01:27:36;91;636.9;True;28.52;86.0;Success
2025-05-31 01:27:39;32;104.43;False;28.52;86.0;Success
2025-05-31 01:27:42;28;794.76;True;28.52;86.0;Success
2025-05-31 01:27:45;77;192.51;False;28.52;86.0;Success
2025-05-31 01:27:48;100;504.77;True;28.52;86.0;Success
2025-05-31 01:27:51;24;251.51;False;28.52;86.0;Success
2025-05-31 01:27:54;76;254.85;True;28.52;86.0;Success
2025-05-31 01:27:57;34;540.14;False;28.52;86.0;Success
2025-05-31 01:28:00;96;866.23;False;28.52;86.0;Success
2025-05-31 01:28:03;34;533.23;True;28.52;86.0;Success
2025-05-31 01:28:06;29;343.34;True;28.52;86.0;Success
2025-05-31 01:28:09;69;306.05;False;28.52;86.0;Success
2025-05-31 01:28:12;12;715.46;True;28.52;86.0;Success
2025-05-31 01:28:15;27;431.43;True;28.52;86.0;Success
2025-05-31 01:28:18;33;886.15;False;28.52;86.0;Success
2025-05-31 01:28:21;78;265.55;True;28.52;86.0;Success
2025-05-31 01:28:24;68;654.97;True;28.52;86.0;Success
2025-05-31 01:28:27;50;237.25;True;28.52;86.0;Success
2025-05-31 01:28:30;35;733.61;True;28.52;86.0;Success
2025-05-31 01:28:33;79;769.06;False;28.52;86.0;Success
2025-05-31 01:28:36;8;356.27;False;28.52;86.0;Success
2025-05-31 01:28:39;57;437.29;True;28.52;86.0;Success
2025-05-31 01:28:42;27;467.84;True;28.52;86.0;Success
2025-05-31 01:28:45;54;295.42;True;28.52;86.0;Success
2025-05-31 01:28:48;29;238.96;False;28.52;86.0;Success
2025-05-31 01:28:51;3;243.46;False;28.52;86.0;Success
2025-05-31 01:28:54;90;188.79;False;28.52;86.0;Success
2025-05-31 01:28:58;8;168.38;True;28.52;86.0;Success
2025-05-31 01:29:01;97;974.57;True;28.52;86.0;Success
2025-05-31 01:29:04;43;546.51;True;28.52;86.0;Success
2025-05-31 01:29:07;7;155.64;False;28.52;86.0;Success
2025-05-31 01:29:10;9;50.59;True;28.52;86.0;Success
2025-05-31 01:29:13;76;589.32;True;28.52;86.0;Success
2025-05-31 01:29:16;81;614.26;False;28.52;86.0;Success
2025-05-31 01:29:19;32;809.41;False;28.52;86.0;Success
2025-05-31 01:29:22;16;959.36;True;28.52;86.0;Success
2025-05-31 01:29:25;41;352.82;True;28.52;86.0;Success
2025-05-31 01:29:28;97;452.8;True;28.52;86.0;Success
2025-05-31 01:29:31;12;755.55;True;28.52;86.0;Success
2025-05-31 01:29:34;57;792.44;True;28.52;86.0;Success
2025-05-31 01:29:37;30;892.61;False;28.52;86.0;Success
2025-05-31 01:29:40;9;647.05;False;28.52;86.0;Success
2025-05-31 01:29:43;68;583.99;True;28.52;86.0;Success
2025-05-31 01:29:46;42;272.29;False;28.52;86.0;Success
2025-05-31 01:29:49;51;492.36;False;28.52;86.0;Success
2025-05-31 01:29:52;47;394.17;True;28.52;86.0;Success
2025-05-31 01:29:55;41;302.5;True;28.52;86.0;Success
2025-05-31 01:29:58;34;45.21;False;28.52;86.0;Success
2025-05-31 01:30:01;83;293.76;True;28.52;86.0;Success
2025-05-31 01:30:04;90;526.18;True;28.52;86.0;Success
2025-05-31 01:30:07;77;111.96;False;28.52;86.0;Success
2025-05-31 01:30:10;37;850.08;False;28.52;86.0;Success
2025-05-31 01:30:13;98;713.5;True;28.52;86.0;Success
2025-05-31 01:30:16;92;635.75;True;28.52;86.0;Success
2025-05-31 01:30:19;74;127.61;True;28.52;86.0;Success
2025-05-31 01:30:22;94;819.07;False;28.52;86.0;Success
2025-05-31 01:30:25;50;693.61;False;28.52;86.0;Success
2025-05-31 01:30:28;80;419.52;False;28.52;86.0;Success
2025-05-31 01:30:31;24;59.86;False;28.52;86.0;Success
2025-05-31 01:30:34;78;862.12;True;28.52;86.0;Success
2025-05-31 01:30:37;16;268.26;False;28.52;86.0;Success
2025-05-31 01:30:40;52;470.85;False;28.52;86.0;Success
2025-05-31 01:30:43;29;417.55;False;28.52;86.0;Success
2025-05-31 01:30:46;94;524.28;False;28.52;86.0;Success
2025-05-31 01:30:49;70;956.54;False;28.52;86.0;Success
2025-05-31 01:30:52;43;704.97;False;28.52;86.0;Success
2025-05-31 01:30:55;38;861.04;False;28.52;86.0;Success
2025-05-31 01:30:58;66;750.15;False;28.52;86.0;Success
2025-05-31 01:31:01;8;630.67;True;28.52;86.0;Success
2025-05-31 01:31:04;10;949.17;False;28.52;86.0;Success
2025-05-31 01:31:07;95;756.08;False;28.52;86.0;Success
2025-05-31 01:31:10;4;889.65;True;28.52;86.0;Success
2025-05-31 01:31:13;56;229.06;True;28.52;86.0;Success
2025-05-31 01:31:16;38;620.97;False;28.52;86.0;Success
2025-05-31 01:31:19;49;429.99;True;28.52;86.0;Success
2025-05-31 01:31:22;29;605.89;True;28.52;86.0;Success
2025-05-31 01:31:25;23;986.63;False;28.52;86.0;Success
2025-05-31 01:31:28;26;128.47;True;28.52;86.0;Success
2025-05-31 01:31:31;93;10.09;True;28.52;86.0;Success
2025-05-31 01:31:34;46;444.5;False;28.52;86.0;Success
2025-05-31 01:31:37;2;754.89;True;28.52;86.0;Success
2025-05-31 01:31:40;24;322.64;False;28.52;86.0;Success
2025-05-31 01:31:43;56;890.04;False;28.52;86.0;Success
2025-05-31 01:31:46;21;679.54;True;28.52;86.0;Success
2025-05-31 01:31:49;32;819.52;True;28.52;86.0;Success
2025-05-31 01:31:52;30;190.5;True;28.52;86.0;Success
2025-05-31 01:31:55;83;831.82;True;28.52;86.0;Success
2025-05-31 01:31:58;53;490.26;True;28.52;86.0;Success
2025-05-31 01:32:01;62;233.69;True;28.52;86.0;Success
2025-05-31 01:32:04;22;32.71;True;28.52;86.0;Success
2025-05-31 01:32:07;14;260.87;False;28.52;86.0;Success
2025-05-31 01:32:10;78;763.16;True;28.52;86.0;Success
2025-05-31 01:32:13;1;843.72;True;28.52;86.0;Success
2025-05-31 01:32:16;77;579.26;False;28.52;86.0;Success
2025-05-31 01:32:20;64;319.45;True;28.52;86.0;Success
2025-05-31 01:32:23;99;119.71;True;28.52;86.0;Success
2025-05-31 01:32:26;84;805.69;True;28.52;86.0;Success
2025-05-31 01:32:29;62;848.4;True;28.52;86.0;Success
2025-05-31 01:32:32;97;874.61;False;28.52;86.0;Success
2025-05-31 01:32:35;20;634.43;False;28.52;86.0;Success
2025-05-31 01:32:38;78;45.31;True;28.52;86.0;Success
2025-05-31 01:32:41;26;512.45;True;28.52;86.0;Success
2025-05-31 01:32:44;57;103.04;False;28.52;86.0;Success
2025-05-31 01:32:47;75;709.73;True;28.52;86.0;Success
2025-05-31 01:32:50;66;429.02;False;28.52;86.0;Success
2025-05-31 01:32:53;60;669.7;True;28.52;86.0;Success
2025-05-31 01:32:56;97;658.76;False;28.52;86.0;Success
2025-05-31 01:32:59;61;332.28;True;28.52;86.0;Success
2025-05-31 01:33:02;61;835.22;False;28.52;86.0;Success
2025-05-31 01:33:05;28;896.11;False;28.52;86.0;Success
2025-05-31 01:33:08;95;844.6;False;28.52;86.0;Success
2025-05-31 01:33:11;9;285.68;False;28.52;86.0;Success
2025-05-31 01:33:14;61;742.97;True;28.52;86.0;Success
2025-05-31 01:33:17;39;539.59;False;28.52;86.0;Success
2025-05-31 01:33:20;15;296.09;True;28.52;86.0;Success
2025-05-31 01:33:23;29;523.2;True;28.52;86.0;Success
2025-05-31 01:33:26;33;781.85;False;28.52;86.0;Success
2025-05-31 01:33:29;41;284.15;False;28.52;86.0;Success
2025-05-31 01:33:32;39;842.8;False;28.52;86.0;Success
2025-05-31 01:33:35;58;407.04;True;28.52;86.0;Success
2025-05-31 01:33:38;62;793.63;True;28.52;86.0;Success
2025-05-31 01:33:41;20;564.92;True;28.52;86.0;Success
2025-05-31 01:33:44;18;641.07;True;28.52;86.0;Success
2025-05-31 01:33:47;45;971.73;False;28.52;86.0;Success
2025-05-31 01:33:50;51;320.04;True;28.52;86.0;Success
2025-05-31 01:33:53;15;984.11;True;28.52;86.0;Success
2025-05-31 01:33:56;73;303.07;True;28.52;86.0;Success
2025-05-31 01:33:59;54;622.05;False;28.52;86.0;Success
2025-05-31 01:34:02;5;610.04;False;28.52;86.0;Success
2025-05-31 01:34:05;90;910.48;True;28.52;86.0;Success
2025-05-31 01:34:08;57;666.12;False;28.52;86.0;Success
2025-05-31 01:34:11;90;200.17;False;28.52;86.0;Success
2025-05-31 01:34:14;66;528.54;True;28.52;86.0;Success
2025-05-31 01:34:17;96;411.28;True;28.52;86.0;Success
2025-05-31 01:34:20;20;54.48;False;28.52;86.0;Success
2025-05-31 01:34:23;12;710.21;False;28.52;86.0;Success
2025-05-31 01:34:26;33;317.5;True;28.52;86.0;Success
2025-05-31 01:34:29;12;857.05;True;28.52;86.0;Success
2025-05-31 01:34:32;100;280.14;False;28.52;86.0;Success
2025-05-31 01:34:35;59;480.68;True;28.52;86.0;Success
2025-05-31 01:34:38;82;79.42;True;28.52;86.0;Success
2025-05-31 01:34:41;53;73.3;True;28.52;86.0;Success
2025-05-31 01:34:44;0;567.48;True;28.52;86.0;Success
2025-05-31 01:34:47;97;217.65;True;28.52;86.0;Success
2025-05-31 01:34:50;10;68.0;True;28.52;86.0;Success
2025-05-31 01:34:53;57;707.61;True;28.52;86.0;Success
2025-05-31 01:34:56;65;321.71;True;28.52;86.0;Success
2025-05-31 01:34:59;45;455.96;False;28.52;86.0;Success
2025-05-31 01:35:02;71;999.38;False;28.52;86.0;Success
2025-05-31 01:35:05;0;194.85;False;28.52;86.0;Success
2025-05-31 01:35:08;47;78.55;True;28.52;86.0;Success
2025-05-31 01:35:11;72;423.66;False;28.52;86.0;Success
2025-05-31 01:35:14;50;331.81;False;28.52;86.0;Success
2025-05-31 01:35:17;62;6.0;True;28.52;86.0;Success
2025-05-31 01:35:20;98;8.7;False;28.52;86.0;Success
2025-05-31 01:35:23;85;116.47;False;28.52;86.0;Success
2025-05-31 01:35:26;20;565.5;True;28.52;86.0;Success
2025-05-31 01:35:29;56;0.22;True;28.52;86.0;Success
2025-05-31 01:35:32;92;710.25;False;28.52;86.0;Success
2025-05-31 01:35:35;62;816.83;True;28.52;86.0;Success
2025-05-31 01:35:38;91;372.71;True;28.52;86.0;Success
2025-05-31 01:35:41;74;562.93;True;28.52;86.0;Success
2025-05-31 01:35:44;40;641.55;True;28.52;86.0;Success
2025-05-31 01:35:47;9;665.8;False;28.52;86.0;Success
2025-05-31 01:35:50;4;599.94;False;28.52;86.0;Success
2025-05-31 01:35:54;33;180.9;False;28.52;86.0;Success
2025-05-31 01:35:57;22;768.62;True;28.52;86.0;Success
2025-05-31 01:36:00;72;985.77;False;28.52;86.0;Success
2025-05-31 01:36:03;58;412.4;False;28.52;86.0;Success
2025-05-31 01:36:06;65;712.56;False;28.52;86.0;Success
2025-05-31 01:36:09;64;674.93;True;28.52;86.0;Success
2025-05-31 01:36:12;12;390.41;True;28.52;86.0;Success
2025-05-31 01:36:15;59;878.28;False;28.52;86.0;Success
2025-05-31 01:36:18;70;183.52;False;28.52;86.0;Success
2025-05-31 01:36:21;37;899.36;False;28.52;86.0;Success
2025-05-31 01:36:24;24;465.54;True;28.52;86.0;Success
2025-05-31 01:36:27;23;838.39;True;28.52;86.0;Success
2025-05-31 01:36:30;61;633.75;False;28.52;86.0;Success
2025-05-31 01:36:33;97;113.83;True;28.52;86.0;Success
2025-05-31 01:36:36;52;711.11;True;28.52;86.0;Success
2025-05-31 01:36:39;19;177.05;False;28.52;86.0;Success
2025-05-31 01:36:42;76;299.51;True;28.52;86.0;Success
2025-05-31 01:36:45;66;186.37;False;28.52;86.0;Success
2025-05-31 01:36:48;89;948.81;True;28.52;86.0;Success
2025-05-31 01:36:51;100;842.04;False;28.52;86.0;Success
2025-05-31 01:36:54;86;440.5;False;28.52;86.0;Success
2025-05-31 01:36:57;34;818.85;False;28.52;86.0;Success
2025-05-31 01:37:00;41;446.64;True;28.52;86.0;Success
2025-05-31 01:37:03;49;139.7;True;28.52;86.0;Success
2025-05-31 01:37:06;36;635.46;True;28.52;86.0;Success
2025-05-31 01:37:09;44;427.01;True;28.52;86.0;Success
2025-05-31 01:37:12;78;370.65;False;28.52;86.0;Success
2025-05-31 01:37:15;0;705.02;True;28.52;86.0;Success
2025-05-31 01:37:18;95;78.37;False;28.52;86.0;Success
2025-05-31 01:37:21;58;718.79;True;28.52;86.0;Success
2025-05-31 01:37:24;79;508.96;False;28.52;86.0;Success
2025-05-31 01:37:27;10;394.89;False;28.52;86.0;Success
2025-05-31 01:37:30;97;966.31;False;28.52;86.0;Success
2025-05-31 01:37:33;89;623.11;False;28.52;86.0;Success
2025-05-31 01:37:36;18;169.59;False;28.52;86.0;Success
2025-05-31 01:37:39;95;93.52;False;28.52;86.0;Success
2025-05-31 01:37:42;60;902.57;True;28.52;86.0;Success
2025-05-31 01:37:45;54;769.7;True;28.52;86.0;Success
2025-05-31 01:37:48;71;960.89;True;28.52;86.0;Success
2025-05-31 01:37:51;71;501.66;False;28.52;86.0;Success
2025-05-31 01:37:54;89;267.92;True;28.52;86.0;Success
2025-05-31 01:37:57;99;497.87;True;28.52;86.0;Success
2025-05-31 01:38:00;89;389.88;True;28.52;86.0;Success
2025-05-31 01:38:03;98;969.7;True;28.52;86.0;Success
2025-05-31 01:38:06;34;233.86;False;28.52;86.0;Success
2025-05-31 01:38:09;34;323.65;True;28.52;86.0;Success
2025-05-31 01:38:12;80;609.55;False;28.52;86.0;Success
2025-05-31 01:38:15;63;663.42;True;28.52;86.0;Success
2025-05-31 01:38:18;43;590.67;True;28.52;86.0;Success
2025-05-31 01:38:21;90;284.34;True;28.52;86.0;Success
2025-05-31 01:38:24;8;451.51;False;28.52;86.0;Success
2025-05-31 01:38:27;78;457.27;True;28.52;86.0;Success
2025-05-31 01:38:30;9;282.38;True;28.52;86.0;Success
2025-05-31 01:38:33;10;478.4;True;28.52;86.0;Success
2025-05-31 01:38:36;87;164.93;True;28.52;86.0;Success
2025-05-31 01:38:39;88;290.27;True;28.52;86.0;Success
2025-05-31 01:38:42;72;22.61;False;28.52;86.0;Success
2025-05-31 01:38:45;93;627.68;False;28.52;86.0;Success
2025-05-31 01:38:48;92;817.36;True;28.52;86.0;Success
2025-05-31 01:38:51;82;896.54;True;28.52;86.0;Success
2025-05-31 01:38:55;70;298.89;True;28.52;86.0;Success
2025-05-31 01:38:58;16;21.42;False;28.52;86.0;Success
2025-05-31 01:39:01;42;128.29;False;28.52;86.0;Success
2025-05-31 01:39:04;61;424.0;True;28.52;86.0;Success
2025-05-31 01:39:07;99;404.46;True;28.52;86.0;Success
2025-05-31 01:39:10;67;634.59;True;28.52;86.0;Success
2025-05-31 01:39:13;10;526.85;True;28.52;86.0;Success
2025-05-31 01:39:16;70;391.78;False;28.52;86.0;Success
2025-05-31 01:39:19;38;572.84;False;28.52;86.0;Success
2025-05-31 01:39:22;100;314.57;False;28.52;86.0;Success
2025-05-31 01:39:25;8;968.03;False;28.52;86.0;Success
2025-05-31 01:39:28;97;866.7;False;28.52;86.0;Success
2025-05-31 01:39:31;67;191.73;True;28.52;86.0;Success
2025-05-31 01:39:34;80;548.61;False;28.52;86.0;Success
2025-05-31 01:39:37;48;945.63;False;28.52;86.0;Success
2025-05-31 01:39:40;46;892.21;True;28.52;86.0;Success
2025-05-31 01:39:43;54;116.02;False;28.52;86.0;Success
2025-05-31 01:39:46;94;121.43;True;28.52;86.0;Success
2025-05-31 01:39:49;5;215.08;False;28.52;86.0;Success
2025-05-31 01:39:52;51;963.77;True;28.52;86.0;Success
2025-05-31 01:39:55;92;824.67;True;28.52;86.0;Success
2025-05-31 01:39:58;22;128.46;False;28.52;86.0;Success
2025-05-31 01:40:01;64;827.06;True;28.52;86.0;Success
2025-05-31 01:40:04;21;322.45;True;28.52;86.0;Success
2025-05-31 01:40:07;100;463.25;False;28.52;86.0;Success
2025-05-31 01:40:10;69;483.42;True;28.52;86.0;Success
2025-05-31 01:40:13;33;610.86;True;28.52;86.0;Success
2025-05-31 01:40:16;56;533.77;False;28.52;86.0;Success
2025-05-31 01:40:19;1;19.75;True;28.52;86.0;Success
2025-05-31 01:40:22;54;272.67;True;28.52;86.0;Success
2025-05-31 01:40:25;80;215.1;True;28.52;86.0;Success
2025-05-31 01:40:28;63;510.73;True;28.52;86.0;Success
2025-05-31 01:40:31;12;500.04;False;28.52;86.0;Success
2025-05-31 01:40:34;25;337.3;False;28.52;86.0;Success
2025-05-31 01:40:37;5;967.57;True;28.52;86.0;Success
2025-05-31 01:40:40;67;438.43;False;28.52;86.0;Success
2025-05-31 01:40:43;69;104.78;False;28.52;86.0;Success
2025-05-31 01:40:46;67;344.57;False;28.52;86.0;Success
2025-05-31 01:40:49;67;932.05;True;28.52;86.0;Success
2025-05-31 01:40:52;70;523.92;True;28.52;86.0;Success
2025-05-31 01:40:55;63;504.75;False;28.52;86.0;Success
2025-05-31 01:40:58;67;625.01;True;28.52;86.0;Success
2025-05-31 01:41:01;75;263.83;True;28.52;86.0;Success
2025-05-31 01:41:04;12;166.22;False;28.52;86.0;Success
2025-05-31 01:41:07;31;87.02;True;28.52;86.0;Success
2025-05-31 01:41:10;56;837.0;False;28.52;86.0;Success
2025-05-31 01:41:13;47;968.03;True;28.52;86.0;Success
2025-05-31 01:41:16;77;801.99;False;28.52;86.0;Success
2025-05-31 01:41:19;42;70.29;False;28.52;86.0;Success
2025-05-31 01:41:22;20;716.51;False;28.52;86.0;Success
2025-05-31 01:41:25;66;201.96;True;28.52;86.0;Success
2025-05-31 01:41:28;58;385.59;False;28.52;86.0;Success
2025-05-31 01:41:31;23;258.76;True;28.52;86.0;Success
2025-05-31 01:41:34;83;178.74;True;28.52;86.0;Success
2025-05-31 01:41:37;33;708.68;True;28.52;86.0;Success
2025-05-31 01:41:40;85;481.36;True;28.52;86.0;Success
2025-05-31 01:41:43;97;615.69;False;28.52;86.0;Success
2025-05-31 01:41:46;29;349.59;False;28.52;86.0;Success
2025-05-31 01:41:49;12;272.26;True;28.52;86.0;Success
2025-05-31 01:41:53;50;582.94;True;28.52;86.0;Success
2025-05-31 01:41:56;46;950.82;False;28.52;86.0;Success
2025-05-31 01:41:59;77;751.52;True;28.52;86.0;Success
2025-05-31 01:42:02;7;723.97;False;28.52;86.0;Success
2025-05-31 01:42:05;68;973.14;True;28.52;86.0;Success
2025-05-31 01:42:08;76;919.98;False;28.52;86.0;Success
2025-05-31 01:42:11;55;999.49;False;28.52;86.0;Success
2025-05-31 01:42:14;17;508.3;True;28.52;86.0;Success
2025-05-31 01:42:17;16;753.57;True;28.52;86.0;Success
2025-05-31 01:42:20;63;352.36;False;28.52;86.0;Success
2025-05-31 01:42:23;53;535.78;False;28.52;86.0;Success
2025-05-31 01:42:26;11;978.86;False;28.52;86.0;Success
2025-05-31 01:42:29;32;332.65;True;28.52;86.0;Success
2025-05-31 01:42:32;47;735.77;True;28.52;86.0;Success
2025-05-31 01:42:35;47;408.25;False;28.52;86.0;Success
2025-05-31 01:42:38;38;849.98;False;28.52;86.0;Success
2025-05-31 01:42:41;15;49.63;True;28.52;86.0;Success
2025-05-31 01:42:44;72;588.26;True;28.52;86.0;Success
2025-05-31 01:42:47;7;147.61;True;28.52;86.0;Success
2025-05-31 01:42:50;50;705.55;True;28.52;86.0;Success
2025-05-31 01:42:53;45;718.41;True;28.52;86.0;Success
2025-05-31 01:42:56;57;145.35;True;28.52;86.0;Success
2025-05-31 01:42:59;82;395.0;False;28.52;86.0;Success
2025-05-31 01:43:02;52;608.72;False;28.52;86.0;Success
2025-05-31 01:43:05;14;174.34;False;28.52;86.0;Success
2025-05-31 01:43:08;61;638.61;False;28.52;86.0;Success
2025-05-31 01:43:11;2;787.9;False;28.52;86.0;Success
2025-05-31 01:43:14;62;312.07;True;28.52;86.0;Success
2025-05-31 01:43:17;28;184.69;False;28.52;86.0;Success
2025-05-31 01:43:20;40;286.82;False;28.52;86.0;Success
2025-05-31 01:43:23;37;804.02;True;28.52;86.0;Success
2025-05-31 01:43:26;8;97.04;False;28.52;86.0;Success
2025-05-31 01:43:29;86;973.74;False;28.52;86.0;Success
2025-05-31 01:43:32;68;506.04;True;28.52;86.0;Success
2025-05-31 01:43:35;36;963.62;False;28.52;86.0;Success
2025-05-31 01:43:38;24;497.02;True;28.52;86.0;Success
2025-05-31 01:43:41;24;963.8;False;28.52;86.0;Success
2025-05-31 01:43:44;23;257.6;False;28.52;86.0;Success
2025-05-31 01:43:47;92;674.11;False;28.52;86.0;Success
2025-05-31 01:43:50;24;100.36;False;28.52;86.0;Success
2025-05-31 01:43:53;91;822.88;False;28.52;86.0;Success
2025-05-31 01:43:56;40;939.97;False;28.52;86.0;Success
2025-05-31 01:43:59;73;908.08;True;28.52;86.0;Success
2025-05-31 01:44:02;68;868.1;False;28.52;86.0;Success
2025-05-31 01:44:05;39;809.48;False;28.52;86.0;Success
2025-05-31 01:44:08;5;916.44;False;28.52;86.0;Success
2025-05-31 01:44:11;56;335.72;False;28.52;86.0;Success
2025-05-31 01:44:14;18;269.63;True;28.52;86.0;Success
2025-05-31 01:44:17;55;334.7;False;28.52;86.0;Success
2025-05-31 01:44:20;36;469.25;False;28.52;86.0;Success
2025-05-31 01:44:23;16;779.68;False;28.52;86.0;Success
2025-05-31 01:44:26;24;371.8;False;28.52;86.0;Success
2025-05-31 01:44:29;54;701.48;True;28.52;86.0;Success
2025-05-31 01:44:32;89;308.9;False;28.52;86.0;Success
2025-05-31 01:44:35;17;707.95;True;28.52;86.0;Success
2025-05-31 01:44:38;87;371.57;False;28.52;86.0;Success
2025-05-31 01:44:41;73;446.99;False;28.52;86.0;Success
2025-05-31 01:44:44;90;214.67;True;28.52;86.0;Success
2025-05-31 01:44:48;57;163.41;False;28.52;86.0;Success
2025-05-31 01:44:51;84;374.4;True;28.52;86.0;Success
2025-05-31 01:44:54;84;772.99;True;28.52;86.0;Success
2025-05-31 01:44:57;49;70.99;False;28.52;86.0;Success
2025-05-31 01:45:00;75;415.28;False;28.52;86.0;Success
2025-05-31 01:45:03;17;490.82;True;28.52;86.0;Success
2025-05-31 01:45:06;69;35.37;False;28.52;86.0;Success
2025-05-31 01:45:09;84;495.51;True;28.52;86.0;Success
2025-05-31 01:45:12;32;506.12;True;28.52;86.0;Success
2025-05-31 01:45:15;14;642.96;True;28.52;86.0;Success
2025-05-31 01:45:18;17;441.88;True;28.52;86.0;Success
2025-05-31 01:45:21;41;258.56;False;28.52;86.0;Success
2025-05-31 01:45:24;2;791.24;False;28.52;86.0;Success
2025-05-31 01:45:27;69;780.49;True;28.52;86.0;Success
2025-05-31 01:45:30;28;396.06;True;28.52;86.0;Success
2025-05-31 01:45:33;57;832.31;False;28.52;86.0;Success
2025-05-31 01:45:36;96;223.42;False;28.52;86.0;Success
2025-05-31 01:45:39;42;450.53;False;28.52;86.0;Success
